{
    "run_name": "experiment_1",
    "epoch_losses": [
        0.006466093007475138
    ],
    "val_losses": [
        0.006593597179278731
    ]
}