{
    "run_name": "experiment_1",
    "epoch_losses": [
        0.16550062596797943
    ],
    "val_losses": [
        0.16453097760677338
    ]
}