{
    "run_name": "experiment_1",
    "epoch_losses": [
        0.015581091865897179
    ],
    "val_losses": [
        0.04777998720797209
    ]
}