{
    "run_name": "experiment_1",
    "epoch_losses": [
        0.01208620984107256
    ],
    "val_losses": [
        0.010841331295669079
    ]
}