{
    "run_name": "experiment_1",
    "epoch_losses": [
        0.011924484744668007
    ],
    "val_losses": [
        0.013244061773134903
    ]
}