{"train_loss": [8.295817669481039], "val_loss": [0.19170742481946945]}